"Eltillförsel netto, GWh efter produktionsslag och månad"

"produktionsslag","1974M01","1974M02","1974M03","1974M04","1974M05","1974M06","1974M07","1974M08","1974M09","1974M10","1974M11","1974M12","1975M01","1975M02","1975M03","1975M04","1975M05","1975M06","1975M07","1975M08","1975M09","1975M10","1975M11","1975M12","1976M01","1976M02","1976M03","1976M04","1976M05","1976M06","1976M07","1976M08","1976M09","1976M10","1976M11","1976M12","1977M01","1977M02","1977M03","1977M04","1977M05","1977M06","1977M07","1977M08","1977M09","1977M10","1977M11","1977M12","1978M01","1978M02","1978M03","1978M04","1978M05","1978M06","1978M07","1978M08","1978M09","1978M10","1978M11","1978M12","1979M01","1979M02","1979M03","1979M04","1979M05","1979M06","1979M07","1979M08","1979M09","1979M10","1979M11","1979M12","1980M01","1980M02","1980M03","1980M04","1980M05","1980M06","1980M07","1980M08","1980M09","1980M10","1980M11","1980M12","1981M01","1981M02","1981M03","1981M04","1981M05","1981M06","1981M07","1981M08","1981M09","1981M10","1981M11","1981M12","1982M01","1982M02","1982M03","1982M04","1982M05","1982M06","1982M07","1982M08","1982M09","1982M10","1982M11","1982M12","1983M01","1983M02","1983M03","1983M04","1983M05","1983M06","1983M07","1983M08","1983M09","1983M10","1983M11","1983M12","1984M01","1984M02","1984M03","1984M04","1984M05","1984M06","1984M07","1984M08","1984M09","1984M10","1984M11","1984M12","1985M01","1985M02","1985M03","1985M04","1985M05","1985M06","1985M07","1985M08","1985M09","1985M10","1985M11","1985M12","1986M01","1986M02","1986M03","1986M04","1986M05","1986M06","1986M07","1986M08","1986M09","1986M10","1986M11","1986M12","1987M01","1987M02","1987M03","1987M04","1987M05","1987M06","1987M07","1987M08","1987M09","1987M10","1987M11","1987M12","1988M01","1988M02","1988M03","1988M04","1988M05","1988M06","1988M07","1988M08","1988M09","1988M10","1988M11","1988M12","1989M01","1989M02","1989M03","1989M04","1989M05","1989M06","1989M07","1989M08","1989M09","1989M10","1989M11","1989M12","1990M01","1990M02","1990M03","1990M04","1990M05","1990M06","1990M07","1990M08","1990M09","1990M10","1990M11","1990M12","1991M01","1991M02","1991M03","1991M04","1991M05","1991M06","1991M07","1991M08","1991M09","1991M10","1991M11","1991M12","1992M01","1992M02","1992M03","1992M04","1992M05","1992M06","1992M07","1992M08","1992M09","1992M10","1992M11","1992M12","1993M01","1993M02","1993M03","1993M04","1993M05","1993M06","1993M07","1993M08","1993M09","1993M10","1993M11","1993M12","1994M01","1994M02","1994M03","1994M04","1994M05","1994M06","1994M07","1994M08","1994M09","1994M10","1994M11","1994M12","1995M01","1995M02","1995M03","1995M04","1995M05","1995M06","1995M07","1995M08","1995M09","1995M10","1995M11","1995M12","1996M01","1996M02","1996M03","1996M04","1996M05","1996M06","1996M07","1996M08","1996M09","1996M10","1996M11","1996M12","1997M01","1997M02","1997M03","1997M04","1997M05","1997M06","1997M07","1997M08","1997M09","1997M10","1997M11","1997M12","1998M01","1998M02","1998M03","1998M04","1998M05","1998M06","1998M07","1998M08","1998M09","1998M10","1998M11","1998M12","1999M01","1999M02","1999M03","1999M04","1999M05","1999M06","1999M07","1999M08","1999M09","1999M10","1999M11","1999M12","2000M01","2000M02","2000M03","2000M04","2000M05","2000M06","2000M07","2000M08","2000M09","2000M10","2000M11","2000M12","2001M01","2001M02","2001M03","2001M04","2001M05","2001M06","2001M07","2001M08","2001M09","2001M10","2001M11","2001M12","2002M01","2002M02","2002M03","2002M04","2002M05","2002M06","2002M07","2002M08","2002M09","2002M10","2002M11","2002M12","2003M01","2003M02","2003M03","2003M04","2003M05","2003M06","2003M07","2003M08","2003M09","2003M10","2003M11","2003M12","2004M01","2004M02","2004M03","2004M04","2004M05","2004M06","2004M07","2004M08","2004M09","2004M10","2004M11","2004M12","2005M01","2005M02","2005M03","2005M04","2005M05","2005M06","2005M07","2005M08","2005M09","2005M10","2005M11","2005M12","2006M01","2006M02","2006M03","2006M04","2006M05","2006M06","2006M07","2006M08","2006M09","2006M10","2006M11","2006M12","2007M01","2007M02","2007M03","2007M04","2007M05","2007M06","2007M07","2007M08","2007M09","2007M10","2007M11","2007M12","2008M01","2008M02","2008M03","2008M04","2008M05","2008M06","2008M07","2008M08","2008M09","2008M10","2008M11","2008M12","2009M01","2009M02","2009M03","2009M04","2009M05","2009M06","2009M07","2009M08","2009M09","2009M10","2009M11","2009M12","2010M01","2010M02","2010M03","2010M04","2010M05","2010M06","2010M07","2010M08","2010M09","2010M10","2010M11","2010M12","2011M01","2011M02","2011M03","2011M04","2011M05","2011M06","2011M07","2011M08","2011M09","2011M10","2011M11","2011M12","2012M01","2012M02","2012M03","2012M04","2012M05","2012M06","2012M07","2012M08","2012M09","2012M10","2012M11","2012M12","2013M01","2013M02","2013M03","2013M04","2013M05","2013M06","2013M07","2013M08","2013M09","2013M10","2013M11","2013M12","2014M01","2014M02","2014M03","2014M04","2014M05","2014M06","2014M07","2014M08","2014M09","2014M10","2014M11","2014M12","2015M01","2015M02","2015M03","2015M04","2015M05","2015M06","2015M07","2015M08","2015M09","2015M10","2015M11","2015M12","2016M01","2016M02","2016M03","2016M04","2016M05","2016M06","2016M07","2016M08","2016M09","2016M10","2016M11","2016M12","2017M01","2017M02","2017M03","2017M04","2017M05","2017M06","2017M07","2017M08","2017M09","2017M10","2017M11","2017M12","2018M01","2018M02","2018M03","2018M04","2018M05","2018M06","2018M07","2018M08","2018M09","2018M10","2018M11","2018M12","2019M01","2019M02","2019M03","2019M04","2019M05","2019M06","2019M07","2019M08","2019M09","2019M10","2019M11","2019M12","2020M01","2020M02","2020M03","2020M04","2020M05","2020M06","2020M07","2020M08","2020M09","2020M10","2020M11","2020M12","2021M01","2021M02","2021M03","2021M04","2021M05","2021M06","2021M07","2021M08","2021M09","2021M10","2021M11","2021M12","2022M01","2022M02","2022M03","2022M04","2022M05","2022M06","2022M07","2022M08"
"total tillförsel av el",7390,6663,7231,6390,6347,5408,5108,6050,6321,7535,7804,7912,8406,7630,7853,7181,6534,5659,4915,6114,6338,7573,8156,8550,9127,8757,9010,7532,7095,6215,5205,6300,6993,7999,8493,9229,9182,8762,8570,7423,6897,6385,5200,6743,6992,7587,8186,8807,9301,8812,8726,7543,6739,6013,5140,6516,7173,8132,8557,10059,10482,9333,9354,7720,7317,6007,5772,7172,7515,8575,9069,9569,10248,9690,9587,7549,6480,6206,5569,6636,7033,8547,9538,9722,10178,9493,9861,8037,7538,6978,6098,7525,7880,8855,9652,10991,11021,9524,9566,8335,8090,6948,5538,6715,7568,8801,9457,10544,10761,10468,10840,9091,8677,7655,6483,7931,9118,10644,11683,12383,12920,12003,12348,9858,8771,7794,7172,7503,9492,11204,11922,12726,14446,13238,12656,10550,9643,8289,7701,10070,11345,12002,13529,14019,14343,13468,13103,11979,10414,8767,7485,8711,9928,11189,12081,14052,15466,13020,13658,10738,10400,9915,8733,10662,11470,12615,13612,13998,14301,13994,14818,12419,11182,9596,8178,9604,10646,13293,14136,14280,13753,13413,14270,13035,11446,10462,9422,11351,11719,13540,14081,15070,15249,13211,14547,12804,11846,10313,9590,10986,12218,14095,14818,14945,15755,14798,14535,12385,11056,10090,9648,9640,10234,12545,13634,14487,14834,14224,14828,13561,11402,9935,9123,10956,11272,13332,13310,13654,14267,13079,13982,12156,11061,10861,9771,11437,11528,12450,13731,14475,14735,14525,14199,12061,11623,9823,8734,9545,10360,12205,12893,13623,14627,12957,13856,12365,12271,10804,9895,10432,10954,12118,14555,16198,15845,15275,14256,11880,11027,10069,9809,10077,11516,12666,13577,15899,16121,14260,14634,13462,12381,10767,9959,10290,9972,13405,13897,14753,15027,13621,14909,13434,12698,11127,10914,11695,12046,13771,15392,15702,16023,14520,15485,13232,12841,11040,10477,10953,10997,13400,14041,15873,15503,14818,15138,12597,11984,10923,11151,12273,12551,13413,14321,15531,16669,15550,16232,13816,12821,10949,10933,12056,13696,14334,15288,16565,16822,14629,15602,13711,12777,11107,11221,11528,11407,13933,14752,16030,16589,14787,14993,13626,12086,10246,10072,10484,10795,13545,14139,15467,16676,14986,15265,13363,12398,10654,11818,11174,11939,14318,15257,16282,16609,15479,15496,13229,12791,11781,11688,12310,12706,13974,14997,16538,17065,15226,16167,13461,12850,10646,10104,10114,10414,12887,14172,15008,16231,14807,15014,13692,13291,11395,11218,11635,11448,13059,14215,15134,16515,15299,15954,13969,12902,10998,10843,10552,11604,12518,13453,14167,15692,14416,13846,11417,11231,10330,9671,10369,10465,12527,12601,14866,16495,14476,14558,12492,13184,12004,11095,11178,10717,12515,14535,16758,16398,15159,14989,12397,11452,11036,11496,11973,12390,13056,13417,15613,16782,15927,15480,14659,13530,12364,12320,12929,12838,14777,15015,17107,17282,15372,16353,13678,11960,10845,11421,11461,11438,12831,14230,15551,17427,15342,16087,13832,12123,11359,11713,11557,11552,13419,14512,16120,16400,14925,15397,13612,13046,12337,12339,12854,12196,14609,14615,15485,18076,16196,16013,13900,12832,10973,11025,11526,11931,13163,14337,15831,17248,15383,15853,14363,13325,11992,12292,12295,12004,13989,15607,16887,17520,16493,17046,13657,13264,12085,11136,11487,11750,14074,15280,16907,17761,15512,16437,13930,13090,13099,12663,12121,12365,14660,15711,16620,17086,16252,17092,14382,13109,11514,12299,12030,12457,14431,14345,16544,17692,16502,16417,15103,13322,10559,12054,11942,12421,14335,15388,18123,17624,15731,16448,14709,13416,12673,13426,13463
"vattenkraft (inkl pumpkraft), netto",5350,4937,5122,4545,4451,3451,3581,4409,4063,5371,5611,5732,5954,5451,5496,4390,4941,4419,3396,3819,3932,4834,5073,5273,5741,5559,5819,4447,4577,4026,3600,3818,4007,4058,4307,4207,4062,4221,4527,3666,4841,4789,3663,4669,4173,4559,4580,5055,5609,5254,5066,4347,4233,3902,3754,4495,4598,4934,5043,5814,5957,5138,4968,4163,4794,4213,4310,5234,5341,5252,5438,5472,5916,5528,5294,4488,4339,4110,3842,4402,4448,5111,5241,5248,5531,5311,5483,4256,4341,3937,4529,4593,4437,4942,5465,5982,5668,5045,4656,4242,4939,4536,3629,4028,3327,4072,4674,5317,5503,5642,5661,4796,5339,4392,3528,3825,5119,6153,6289,6328,6541,6232,6394,5101,5075,4349,3955,4057,5025,6483,6853,6794,7317,6502,6055,4556,4978,5244,4347,5668,6509,6004,6175,6481,6715,6125,5356,4713,5489,4438,3480,3993,4514,4222,4657,6189,6838,5667,5715,4188,5255,6042,5860,6363,6132,6383,6455,6243,6701,6670,7029,5356,5530,4906,3806,5167,5365,5773,6367,6085,5689,5775,6015,6089,6605,6105,5662,6901,5280,5253,5469,6146,6427,5723,6985,6205,5742,4716,5539,5319,5752,6144,6456,6436,7060,6582,6033,4705,4143,4513,4874,4083,4180,4823,5525,5807,6297,6467,6599,5836,6305,5150,4772,6428,6200,6618,6088,6450,6755,5799,5605,4705,5937,5539,6107,7550,6371,6250,6335,6310,6162,6402,5628,4422,5430,4477,3963,4141,3689,3905,4506,5158,5579,5218,5787,4732,5923,6850,5638,5152,4818,4446,5905,6971,5682,5348,4411,3117,3531,3831,3949,3874,3588,3298,4540,5782,6286,5874,5761,5059,6139,5986,5833,5293,5244,5917,5622,5258,5318,5319,6032,5264,6038,5566,6463,7296,6507,6155,7059,6603,6894,6204,6765,5854,6267,6053,5161,4834,5041,5484,5274,6507,6176,6150,6059,5518,6418,5624,7231,7642,6224,6120,7063,7622,7817,7041,7285,5608,6109,5104,5681,6465,7371,6475,6461,7036,7162,6299,7018,6682,6299,4722,4987,4730,3966,4862,4997,4325,5285,4805,4269,3959,4636,4280,3502,3363,3786,4782,4944,5365,6028,5603,5241,4318,4484,2645,4497,4065,4495,5610,5951,6593,7036,6568,6296,5293,5675,5320,4660,5990,5956,6011,6290,7048,7115,6199,6190,4637,5239,3863,3023,3697,4055,4733,5681,6746,7286,7096,6742,5830,5817,5193,4290,4684,3946,4265,4962,5418,7149,6832,6763,5849,6472,5364,4129,4104,4495,5245,5705,6321,6319,6051,5793,4548,4954,4165,4171,5390,5514,5916,5659,6769,7273,6277,4904,3795,5597,5362,4957,5274,4739,5786,6133,6118,5469,5460,4107,4524,4231,5168,4078,5630,7210,7064,6266,6815,7180,7092,6890,6507,6707,6156,5847,6074,5381,6699,6244,7224,7272,6463,6117,4578,5215,3627,3609,4169,4916,5051,4780,5175,6915,6386,6867,6005,5746,5410,3547,3835,4188,4262,5362,5679,6049,6158,6573,5586,6433,6503,6050,6632,5331,6815,6237,5605,7199,6660,6332,5503,5549,4639,3765,3900,4357,4553,4448,4338,5807,5457,5419,4753,4626,4102,5144,5369,5842,5507,5908,6004,6736,6650,6591,4922,6071,3863,3142,3617,3863,3962,5470,6125,6407,5456,5766,5380,5368,4889,4950,3827,4464,5660,6333,6122,5935,6462,7011,6216,6081,5333,4684,5863,4628,5705,6198,7120,7884,6651,6176,5715,6074,4711,5346,5356,4849,5202,5509,7089,6025,5848,5833,5564,5068,5280,5576,5684
"vindkraft",..,..,..,..,..,..,..,..,..,..,..,..,..,..,..,..,..,..,..,..,..,..,..,..,..,..,..,..,..,..,..,..,..,..,..,..,..,..,..,..,..,..,..,..,..,..,..,..,..,..,..,..,..,..,..,..,..,..,..,..,..,..,..,..,..,..,..,..,..,..,..,..,..,..,..,..,..,..,..,..,..,..,..,..,..,..,..,..,..,..,..,..,..,..,..,..,..,..,..,..,..,..,..,..,..,..,..,..,..,..,..,..,..,..,..,..,..,..,..,..,..,..,..,..,..,..,..,..,..,..,..,..,..,..,..,..,..,..,..,..,..,..,..,..,..,..,..,..,..,..,..,..,..,..,..,..,..,..,..,..,..,..,..,..,..,..,..,..,..,..,..,..,..,..,..,..,..,..,..,..,..,..,..,..,..,..,..,..,..,..,..,..,..,..,..,..,..,..,..,..,..,..,..,..,..,..,..,..,..,..,..,..,..,..,..,..,..,..,..,..,..,..,..,..,..,..,..,..,..,..,..,..,..,..,..,..,..,..,..,..,..,..,..,..,..,..,..,..,..,..,..,..,..,..,..,..,..,..,..,..,..,..,..,..,..,..,..,..,..,..,..,..,..,..,..,..,16,36,25,24,14,9,8,5,22,19,12,14,26,37,24,18,17,19,20,24,17,45,17,37,37,32,26,30,23,18,17,15,24,46,42,59,59,54,50,23,27,34,21,22,31,44,40,36,35,48,31,32,35,27,24,36,29,49,59,46,75,85,70,34,40,48,38,26,33,60,48,53,78,31,49,63,49,47,24,44,51,53,46,96,71,70,81,50,67,59,45,53,88,81,83,104,143,93,65,68,53,57,42,59,72,83,103,93,90,66,70,72,79,54,40,41,82,91,129,174,184,109,125,113,85,64,100,91,136,94,155,174,277,231,197,93,63,129,85,145,122,259,247,148,214,128,196,136,190,171,167,191,296,253,333,210,253,200,280,240,216,188,240,227,328,458,469,380,465,497,636,416,448,341,289,344,552,672,545,881,631,669,768,516,527,425,416,352,742,639,804,670,765,562,890,889,697,542,611,537,625,1079,1109,1585,1214,872,1200,902,682,612,525,751,779,1312,1019,1607,1624,1589,1498,1404,1273,1078,924,903,1157,1256,1572,2340,1440,1423,1030,1087,890,931,842,1195,1019,1448,1783,2338,1983,1370,1716,1453,1090,1315,1022,1134,1011,1931,1645,1837,1514,1128,1160,1289,1034,1328,653,1294,1948,1988,1661,1642,1840,2086,2375,1326,1409,1357,1055,1197,1657,1638,1484,2478,3514,3051,2975,2503,1668,1152,1770,1204,2369,2227,3120,2036,1626,2413,3013,2699,1490,1257,1554,1898,2227,3333,2863,2996,4225,3636,3319,2699,2768,1856,2250,1938
"kärnkraft (kondens), netto",330,272,198,259,155,..,..,23,..,102,147,416,719,724,987,1038,923,366,670,513,912,1381,1420,1776,1457,1469,1211,1568,1423,969,794,1012,944,1334,1155,1904,1815,1551,1728,1640,1211,1090,1145,1203,1302,1516,2162,2617,2506,2167,2422,1911,1474,1588,1081,938,1713,2215,2204,2499,2227,1885,2565,1386,1213,957,955,1040,1306,1963,2205,2411,2405,2324,2241,1793,1580,1581,1410,1355,1756,2323,3146,3417,3379,3447,3499,3150,2690,2681,1369,2443,2869,3121,3409,3921,3879,3117,3656,3637,2641,1853,1168,1869,3574,4015,3812,4040,4002,3546,3949,3096,2271,2247,1937,2572,2865,3432,4310,4829,5078,4822,5186,4251,3112,2610,2322,3304,3992,4321,4338,5174,5185,4747,5368,4271,3719,2454,2928,4133,4506,5184,6697,6620,6521,6157,6870,6363,4530,3944,3600,4107,4888,6258,6641,7005,6912,6297,6822,5873,4617,3405,2533,3933,4887,5744,6485,6911,6869,6552,6943,6484,5125,4182,3493,3383,4224,6339,6371,6392,6923,6241,6444,5364,3721,3144,2441,3125,4900,6555,6754,7196,7104,6370,6091,5131,4567,4156,2522,3970,5018,6409,6745,7142,7296,6637,7238,6578,5404,4482,4344,5008,5298,6926,6987,7315,7324,6536,6781,6412,4483,3718,3408,3368,3702,5011,4952,5147,5558,5698,6827,6334,4411,4457,2973,3086,3915,4503,5101,6021,6665,6399,6880,6645,5311,4451,4229,4267,5292,6487,6775,6751,6900,5976,6344,6240,5382,3304,3430,4261,4961,6345,6563,6991,7140,6887,7298,6568,4814,4153,4476,4202,5509,6705,6563,7070,6777,6172,6908,6714,5392,4182,3821,3859,4283,5905,6115,6784,7315,6439,7033,6926,5991,4801,3895,3156,4443,6320,6771,7375,7300,6615,7333,6420,5664,3965,3548,4053,4601,6703,7034,6935,6815,6477,6287,5050,3139,2867,2000,2428,3877,5039,5222,5557,6669,6273,6624,5958,5521,4206,4291,4631,5636,6713,6363,6325,6609,5763,6371,5709,5047,4209,3921,4272,5133,5694,6218,6628,6562,5806,6769,6401,4845,3739,4790,4514,4428,5019,5807,6778,6989,6298,6952,6725,5935,5336,5818,4856,5624,6871,6722,6913,6900,6062,6239,5978,5145,4752,5506,4677,5617,5963,6244,6377,6592,5994,6615,6382,6038,4571,5173,3504,3420,5418,5546,5730,6308,4495,6176,6244,5758,4177,4705,4203,4264,5705,5873,6371,6593,5839,6547,6445,5066,3650,4741,4417,4978,4709,4076,4205,6289,5753,5176,4569,4381,4241,3771,2820,2540,3420,3316,3747,4670,3891,5088,5522,5699,5082,4427,4619,3356,2864,4653,5755,6571,5828,6478,4972,4861,3747,5061,4305,3314,3468,3902,5519,5360,4814,5638,5475,4395,4011,4523,4490,4749,5712,6107,6119,6319,5845,6405,6242,4070,4686,5341,4331,3873,4765,5763,5964,6375,5876,6248,4876,3488,3395,5607,4599,4388,5772,5699,5862,5507,4958,5158,5027,3551,3245,4359,3901,4049,5048,4468,5076,6036,5517,6022,5490,4245,2869,4482,4557,4801,4973,5291,6259,6690,6116,6555,6150,5674,4455,4291,3656,3124,4175,5748,6378,6204,5782,6365,5559,4844,5343,5403,4618,4088,5863,5510,6222,6050,5497,5760,5211,4930,5771,5036,4930,4351,5457,5585,5755,5760,4684,5181,3953,3398,2890,3656,2563,3148,3911,3590,4527,4981,4625,5027,4918,3764,3025,3455,3206,3711,4355,4931,4996,4947,4336,5108,4475,3754,3667,4088,4256
"solkraft",..,..,..,..,..,..,..,..,..,..,..,..,..,..,..,..,..,..,..,..,..,..,..,..,..,..,..,..,..,..,..,..,..,..,..,..,..,..,..,..,..,..,..,..,..,..,..,..,..,..,..,..,..,..,..,..,..,..,..,..,..,..,..,..,..,..,..,..,..,..,..,..,..,..,..,..,..,..,..,..,..,..,..,..,..,..,..,..,..,..,..,..,..,..,..,..,..,..,..,..,..,..,..,..,..,..,..,..,..,..,..,..,..,..,..,..,..,..,..,..,..,..,..,..,..,..,..,..,..,..,..,..,..,..,..,..,..,..,..,..,..,..,..,..,..,..,..,..,..,..,..,..,..,..,..,..,..,..,..,..,..,..,..,..,..,..,..,..,..,..,..,..,..,..,..,..,..,..,..,..,..,..,..,..,..,..,..,..,..,..,..,..,..,..,..,..,..,..,..,..,..,..,..,..,..,..,..,..,..,..,..,..,..,..,..,..,..,..,..,..,..,..,..,..,..,..,..,..,..,..,..,..,..,..,..,..,..,..,..,..,..,..,..,..,..,..,..,..,..,..,..,..,..,..,..,..,..,..,..,..,..,..,..,..,..,..,..,..,..,..,..,..,..,..,..,..,..,..,..,..,..,..,..,..,..,..,..,..,..,..,..,..,..,..,..,..,..,..,..,..,..,..,..,..,..,..,..,..,..,..,..,..,..,..,..,..,..,..,..,..,..,..,..,..,..,..,..,..,..,..,..,..,..,..,..,..,..,..,..,..,..,..,..,..,..,..,..,..,..,..,..,..,..,..,..,..,..,..,..,..,..,..,..,..,..,..,..,..,..,..,..,..,..,..,..,..,..,..,..,..,..,..,..,..,..,..,..,..,..,..,..,..,..,..,..,..,..,..,..,..,..,..,..,..,..,..,..,..,..,..,..,..,..,..,..,..,..,..,..,..,..,..,..,..,..,..,..,..,..,..,..,..,..,..,..,..,..,..,..,..,..,..,..,..,..,..,..,..,..,..,..,..,..,..,..,..,..,..,..,..,..,..,..,..,..,..,..,..,..,..,..,..,..,..,..,..,..,..,..,..,..,..,..,..,..,..,..,..,..,..,..,..,..,..,..,..,..,..,..,..,..,..,..,..,..,..,..,..,..,..,..,..,..,..,..,..,..,..,..,..,..,..,..,..,..,..,..,..,..,..,..,..,..,..,..,..,..,..,..,..,4,14,27,60,57,69,71,67,49,25,6,4,7,20,60,100,113,125,112,130,82,37,16,3,7,26,82,147,135,180,189,155,110,61,26,9,30,56,196,222,261,273,287,285
"konventionell värmekraft, netto",1268,941,1444,1065,1203,1324,743,1197,1541,1439,1516,1272,1178,948,866,1217,435,633,425,1130,933,731,920,779,1138,917,1125,758,573,547,189,768,1290,2086,2619,2671,2762,2516,2027,1836,634,308,216,704,1286,1283,1040,1009,1064,1252,1050,1010,842,394,202,720,741,875,974,1408,1937,1901,1433,1526,963,433,258,344,369,702,1045,1148,1318,1332,1532,896,392,343,255,595,635,907,1032,901,1048,550,636,280,259,163,128,175,235,281,378,652,901,798,601,231,236,202,142,210,274,324,418,431,348,397,371,277,301,250,150,242,279,282,353,433,435,325,364,336,276,249,191,233,264,300,368,407,994,1065,690,970,485,309,232,198,231,311,473,708,870,1073,807,766,272,243,205,391,420,578,652,633,1248,681,946,598,371,285,220,262,300,372,532,743,646,612,639,459,332,268,216,311,310,388,875,1215,791,586,533,395,312,281,215,308,320,449,661,867,760,537,461,357,287,234,189,225,283,404,559,742,680,651,638,466,442,396,231,318,386,584,879,1056,978,765,637,548,365,268,258,294,366,820,1054,1152,1160,1019,906,636,347,335,286,306,449,809,1147,1224,1194,1212,1230,754,430,367,285,368,526,964,1060,1156,1353,1172,1185,875,524,315,298,339,529,634,990,1285,1401,1608,1398,1117,985,609,468,900,1284,1123,1170,1467,1448,1137,1154,880,556,359,297,335,423,682,984,1278,1305,1121,1224,929,523,436,344,396,437,708,1150,1278,1304,1231,1186,744,557,409,355,409,411,652,962,1328,1324,1200,1166,778,531,424,342,346,428,543,826,946,1162,1130,1199,926,536,474,420,399,421,614,1067,1313,1278,1029,1091,776,546,437,416,403,562,984,1494,2164,2165,1693,1464,1164,852,658,611,467,551,1100,1291,1463,1704,1466,1535,1190,874,701,576,525,695,1031,1318,1451,1458,1462,1479,1100,907,654,559,561,586,836,1108,1485,1663,1485,1659,1196,838,611,598,640,748,1070,1485,1424,1584,1608,1364,1169,961,724,682,613,683,1136,1603,1722,1655,1503,1515,1203,949,765,720,692,942,1211,1537,1637,1836,1680,1743,1196,1048,830,707,709,947,1476,1518,2212,2492,2284,2209,1682,1275,1075,935,675,1091,1567,2039,2429,2290,2143,2206,1536,1242,815,726,628,795,1087,1548,1746,1976,2040,1608,1312,1007,793,699,717,858,1145,1342,1997,2053,1859,2023,1417,929,728,768,647,890,1046,1363,1509,1654,1459,1344,1075,942,767,680,669,744,1043,1299,1654,1829,1651,1424,1116,1046,726,674,693,713,1005,1270,1438,1835,1582,1462,1145,873,757,761,708,696,1161,1611,1714,1740,1632,1603,1368,1037,855,828,795,860,1167,1366,1635,1747,1658,1656,1192,903,818,775,807,882,1128,1515,1965,2082,1692,1759,1405,1031,818,882,852,884,1168,1454,1559,1516,1304,1258,970,935,824,796,751,890,1039,1130,1409,1820,1540,1540,1279,1041,859,823,874,1081,1131,1484,1994,1762,1492,1669,1394,1143,914,866,909
"mottryck, industriellt",..,..,..,..,..,..,..,..,..,..,..,..,..,..,..,..,..,..,..,..,..,..,..,..,295,287,309,232,261,230,153,294,294,327,346,309,346,334,346,259,234,190,156,277,295,309,350,291,358,356,321,372,321,252,144,340,358,399,415,398,456,424,459,386,347,249,209,274,272,384,435,394,419,414,425,315,206,235,217,334,333,394,376,357,381,303,291,207,208,136,108,153,195,217,217,210,258,264,241,174,182,165,115,156,189,187,240,224,222,196,228,170,215,198,123,186,208,209,236,229,226,198,214,194,201,203,182,204,200,228,217,215,215,221,213,223,199,196,177,173,182,215,206,190,201,240,254,214,193,172,178,250,241,300,313,251,271,245,261,242,227,209,197,208,210,237,268,252,248,239,243,220,234,223,201,254,237,247,317,380,320,274,296,264,239,231,199,246,244,296,309,317,248,236,247,227,212,183,169,180,185,228,233,234,220,211,236,216,245,260,207,255,241,283,367,361,361,266,277,256,238,212,234,218,218,307,344,324,334,327,327,295,248,262,260,239,268,369,438,430,369,358,387,322,274,280,260,297,307,342,405,406,437,409,417,389,316,274,278,297,328,319,356,394,425,414,396,349,326,315,351,348,348,364,421,473,434,392,427,371,347,309,282,286,306,327,378,432,452,388,429,390,353,348,328,327,304,373,380,415,425,378,416,364,354,340,321,341,319,362,403,463,449,420,445,375,369,338,316,306,284,311,381,340,363,352,390,375,342,357,332,355,295,349,425,457,459,390,428,351,339,334,331,351,360,375,460,513,498,464,492,454,438,412,418,375,370,412,448,473,521,476,513,449,453,439,449,415,372,423,475,521,532,479,521,439,474,453,431,429,351,379,398,450,502,439,512,464,434,412,443,465,474,485,494,531,549,516,538,469,472,477,505,477,421,474,577,606,600,569,577,514,471,490,517,501,488,497,512,520,534,476,533,481,456,454,486,453,461,499,497,554,621,543,601,447,503,507,503,496,489,500,551,635,639,546,599,507,398,453,486,441,411,443,456,520,546,530,553,518,499,494,510,494,456,482,521,575,584,524,586,492,473,449,519,473,438,433,466,531,509,471,513,477,464,485,498,503,435,485,486,590,599,532,580,448,516,489,491,511,432,456,453,520,533,510,539,502,440,452,493,483,434,456,516,531,568,524,535,508,468,489,529,505,448,462,447,568,572,501,514,461,456,468,486,510,446,395,516,608,587,532,607,580,517,549,576,561,499,443,569,608,618,524,529,512,530,500,471,496,480,411,479,554,636,518,600,524,467,487,518,558,468,467,580,662,656,560,640,570,538,539,550,563
"mottryck, kraftvärmeverk",..,..,..,..,..,..,..,..,..,..,..,..,..,..,..,..,..,..,..,..,..,..,..,..,521,460,506,351,152,67,18,68,226,389,497,637,690,653,609,507,179,43,41,98,262,346,509,667,671,743,693,535,268,64,41,103,309,444,525,856,907,806,733,566,271,48,25,44,65,269,563,685,814,807,868,496,119,55,16,81,211,474,608,478,585,207,308,40,29,2,3,3,16,38,117,351,561,486,332,41,34,22,20,40,71,119,155,170,79,117,89,87,52,31,13,24,37,47,97,124,175,111,131,123,62,35,4,6,49,54,135,177,550,621,426,423,196,69,26,24,48,91,250,466,611,687,533,365,50,21,21,62,150,250,319,374,737,412,630,311,117,49,11,30,60,99,242,467,386,349,374,223,70,16,7,26,48,125,473,637,452,280,209,111,45,20,4,26,43,127,322,504,496,277,193,105,50,29,17,30,65,152,313,494,439,424,379,227,161,60,17,26,100,262,478,670,570,468,336,268,90,19,12,24,51,369,588,710,737,645,538,312,56,32,13,29,122,345,647,741,798,835,761,400,114,45,13,32,105,330,506,668,797,706,714,452,176,19,11,22,136,248,601,800,867,815,805,486,260,49,35,48,194,354,637,884,863,733,683,461,166,28,8,16,85,328,579,822,816,721,785,514,138,64,11,32,100,301,759,843,872,843,757,354,171,35,14,38,61,250,523,852,859,766,704,383,141,59,22,36,115,189,386,571,760,754,764,467,142,73,34,30,107,224,607,811,787,617,634,379,150,54,41,40,135,525,853,1211,1146,1040,815,587,248,93,55,57,122,565,752,926,1165,971,960,618,261,119,76,86,232,559,808,908,894,954,922,625,385,148,76,96,176,421,638,980,1088,1004,1094,672,341,136,99,122,200,527,855,806,1014,1042,800,652,432,168,101,110,236,582,952,1046,1025,901,901,613,384,181,121,130,343,622,930,1061,1260,1185,1178,626,521,324,196,222,396,905,974,1528,1730,1639,1540,1106,616,349,135,146,366,977,1421,1694,1618,1569,1545,894,597,244,154,153,294,567,1034,1183,1400,1441,998,745,420,230,135,168,343,619,785,1383,1416,1308,1399,878,389,212,166,128,363,557,869,935,1119,954,785,544,419,213,125,135,262,525,774,1040,1204,1092,815,619,471,210,156,153,249,497,760,885,1275,1057,884,594,366,231,192,169,228,662,1037,1118,1110,1059,997,783,489,256,185,191,331,612,851,1003,1113,1102,1083,656,347,247,184,183,359,654,914,1295,1435,1107,1088,774,481,214,191,196,313,638,822,879,823,720,659,368,301,210,222,195,306,528,568,775,1108,970,858,680,499,249,197,229,462,589,805,1209,1017,860,920,722,509,242,186,213
"konventionell värmekraft, kondensproduktion",546,292,679,513,736,986,404,835,1101,728,758,498,332,157,100,549,104,349,173,814,498,93,210,106,309,158,298,163,154,244,10,398,761,1360,1763,1710,1714,1519,1058,1055,209,68,12,322,721,617,172,39,26,148,26,94,245,70,11,267,66,24,24,143,558,662,230,555,325,126,16,22,23,40,34,51,71,99,230,75,56,42,11,165,73,21,28,39,71,33,27,22,13,18,8,10,15,16,31,77,66,29,11,7,11,7,4,6,9,13,14,23,30,67,39,14,26,16,8,24,26,16,12,67,29,12,19,19,12,10,2,12,14,16,12,14,223,218,47,323,89,43,28,..,1,5,14,48,51,144,17,184,28,49,2,72,26,25,14,5,231,18,48,40,211,19,6,16,25,28,15,16,5,18,15,14,25,26,4,26,19,13,78,191,10,23,18,17,20,23,4,28,29,25,23,37,10,18,15,23,24,19,..,14,32,23,12,13,10,9,14,21,36,71,1,33,42,37,30,22,38,22,18,19,33,31,3,42,84,139,113,100,79,37,25,21,36,31,6,28,48,65,50,42,18,10,72,29,34,33,5,31,105,288,148,78,88,31,25,22,21,14,2,17,53,55,15,67,102,377,197,281,398,244,81,503,740,404,111,109,150,11,44,47,42,22,7,33,31,26,27,24,36,12,10,25,31,24,3,34,34,33,10,20,6,8,12,25,32,34,20,29,31,39,34,11,15,6,13,21,19,25,1,2,29,41,56,34,36,23,44,83,51,43,54,14,19,40,34,44,32,21,28,45,55,48,43,12,64,82,179,417,415,188,157,122,165,154,137,35,55,115,90,64,17,19,61,123,160,143,50,24,91,49,35,22,29,26,34,35,48,50,51,30,54,35,68,53,71,41,52,59,62,63,55,52,72,58,135,82,20,46,26,46,56,73,76,25,24,76,70,69,28,31,35,76,94,94,82,60,111,88,94,52,40,18,31,88,70,51,25,34,90,66,45,128,137,100,68,129,155,215,293,33,236,87,64,95,33,28,62,134,247,116,85,33,90,76,57,41,29,68,57,49,89,68,53,55,58,42,36,38,51,26,38,47,67,67,83,46,88,56,28,42,25,33,44,53,58,68,56,31,45,32,38,23,27,26,29,49,59,27,27,28,32,51,56,32,26,14,38,49,67,73,76,56,34,43,57,65,61,48,71,77,79,109,114,99,80,92,67,63,60,54,58,74,99,103,105,113,75,79,84,62,59,52,63,50,32,55,115,95,72,86,62,71,74,60,69,89,104,113,103,60,103,99,82,76,71,51,81,75,74,122,107,87,150,74,98,119,87,68,108,101,96,133,130,132
"konventionell värmekraft, gasturbin- och annan produktion",1,..,1,2,1,1,1,1,5,8,8,6,5,9,14,8,9,9,7,9,17,10,11,13,13,12,12,12,6,6,8,8,9,10,13,15,12,10,14,15,12,7,7,7,8,11,9,12,9,5,10,9,8,8,6,10,8,8,10,11,16,9,11,19,20,10,8,4,9,9,13,18,14,12,9,10,11,11,11,15,18,18,20,27,11,7,10,11,9,7,9,9,9,10,13,14,16,19,17,9,9,8,3,8,5,5,9,14,17,17,15,6,8,5,6,8,8,10,8,13,5,4,..,..,1,1,3,1,1,2,4,1,6,5,4,1,1,1,1,1,..,..,3,4,7,2,3,3,1,1,4,7,3,3,6,3,9,6,7,5,6,8,6,8,5,8,7,8,7,6,7,2,3,3,4,5,6,3,7,7,9,9,10,3,8,7,8,8,4,1,7,9,6,5,6,3,1,3,2,1,1,1,1,1,10,6,10,3,1,5,6,5,4,2,4,4,9,9,7,4,4,6,8,9,13,6,8,18,10,10,15,9,7,10,7,11,10,30,12,10,8,9,10,3,8,9,7,8,9,4,1,5,32,26,29,12,10,8,8,2,12,12,18,23,7,2,..,1,1,1,1,1,2,1,1,1,1,1,..,1,1,..,..,..,1,1,..,..,..,1,..,..,1,..,..,3,..,1,1,1,2,2,1,..,1,..,..,..,1,1,1,2,1,8,4,1,1,2,3,3,1,2,2,1,2,1,0,1,1,1,0,1,1,1,1,1,1,1,1,1,1,0,1,0,3,2,2,23,106,2,1,1,1,0,0,1,4,8,1,0,1,0,0,0,1,0,1,0,1,0,0,0,2,3,3,0,1,2,1,5,5,1,4,3,2,0,1,1,0,0,0,0,2,0,1,5,1,4,1,2,1,5,0,2,1,4,4,1,2,2,2,0,1,1,1,1,1,3,1,4,2,1,1,0,1,1,0,0,1,6,3,3,3,2,1,0,0,4,3,0,1,3,3,5,0,1,0,0,1,1,2,1,1,1,1,1,1,1,1,0,0,1,0,0,1,3,1,1,2,1,1,1,0,1,0,1,1,1,1,1,1,0,1,1,1,1,0,0,1,1,1,1,1,1,1,0,0,0,0,1,1,2,1,1,1,1,1,1,0,0,0,0,0,1,1,1,1,1,1,1,1,1,0,0,1,1,1,0,2,1,1,0,2,1,0,1,3,1,1,1,1,1,1,1,1,0,0,0,0,1,1,1,1,0,1,1,0,1,0,0,1,1,1,4,5,1,1,0,1,1,1,0,1,1,1,4,2,4,1,1,0,0,0,1
"import",442,513,467,521,538,633,784,421,717,623,530,492,555,513,504,536,235,241,424,652,561,627,743,722,791,812,855,759,522,673,622,702,752,521,412,447,543,474,288,281,211,198,176,167,231,229,404,126,122,139,188,275,190,129,103,363,121,108,336,338,361,409,388,645,347,404,249,554,499,658,381,538,609,506,520,372,169,172,62,284,194,206,119,156,220,185,243,351,248,197,72,314,339,511,400,436,573,564,653,225,274,357,599,608,393,390,553,756,908,883,859,922,766,766,868,1292,855,777,731,793,866,624,404,170,308,586,704,1035,211,100,363,351,950,924,543,753,461,282,194,71,99,503,184,210,237,113,70,137,123,142,200,220,106,131,131,225,468,375,175,79,157,183,120,104,151,116,140,101,85,160,207,120,195,240,663,743,747,793,523,588,350,811,1278,1193,808,932,1104,1017,1219,1283,1197,861,958,581,1010,1110,1249,1207,1339,1471,1165,1137,1058,624,718,928,625,635,1066,698,199,230,369,210,241,305,232,454,808,764,247,798,685,863,1002,881,1213,900,788,559,641,478,364,528,401,491,791,884,1144,912,707,509,452,235,449,522,255,765,847,842,543,547,784,579,528,510,436,330,524,675,639,684,1088,943,1614,1421,1141,1071,1685,1469,904,1093,1124,1524,1279,1562,1594,1041,786,785,280,231,..,798,..,882,1164,1419,1064,706,596,297,129,304,193,822,642,544,396,409,488,437,175,185,330,595,1396,1642,920,516,729,1043,1130,938,1576,1228,1869,1974,1557,1835,1990,1668,1172,1371,986,1058,1094,1293,620,1139,517,524,238,483,1338,1845,1698,1452,1052,511,846,1692,1859,2097,1713,2334,1995,2861,2499,2452,2441,2039,1704,1522,1146,2095,1979,2591,2051,1766,1885,1548,1457,1081,1037,1913,882,1675,1038,726,1183,1221,1073,1293,1417,790,1011,998,921,1022,475,1081,1252,1535,1605,1482,1632,1173,656,1547,1271,2233,2109,1575,1331,933,870,1499,607,335,671,1237,1440,2043,2419,1860,1622,1449,840,894,933,379,351,1089,1168,1194,1068,1094,1888,1856,1034,804,939,968,659,922,855,1258,1168,1462,1774,1928,1806,1823,2076,1253,398,297,536,383,1202,1840,1241,2076,1602,1231,1562,949,670,966,1342,1065,518,765,1157,652,1635,1313,575,848,893,980,836,1297,1109,582,518,1096,873,644,919,552,1050,1262,1092,1778,1134,890,1215,1317,1268,748,428,975,1265,1175,1355,1703,1453,1030,1133,1318,1390,569,746,479,744,784,331,726,945,485,1068,1025,1566,1014,1166,676,1275,1776,1175,1167,1057,1028,1205,1182,1028,808,560,641,897,1266,1006,1341,1167,1210,940,1033,1318,1276,1274,696,412,732,1163,1152,969,1133,1124,952,1378,767,749,548,296,194,669,1247,960,712,849,702,355,731,607,640,914,1190,1281,1519,1340,1512,291,1449,1374,1247,579,345,818,527,687,453,443,253,575,1039,635,363,323,355,422,683,359,391
